{
  "experiment_id": "exp07",
  "experiment_name": "Drift and reachability",
  "timestamp": "2026-01-25T03:47:52.247231",
  "git_commit": "70594f8e7085d512ac3f11a24990ad4fe7021e1a",
  "hardware": {
    "device": "cpu",
    "torch_version": "2.7.1",
    "cuda_version": null,
    "gpu_name": null
  },
  "config": {
    "D": 262144,
    "d": 64,
    "B": 4096,
    "L": 256,
    "K": 32,
    "H": 4,
    "num_steps": 10,
    "num_early_items": 50,
    "sigma": 0.01,
    "eta": 0.001,
    "reachability_threshold": 0.9,
    "device": "cpu",
    "dtype": "float32"
  },
  "seeds": [
    0
  ],
  "raw_trials": [
    {
      "seed": 0,
      "steps": [
        0,
        1,
        2,
        3,
        4,
        5,
        6,
        7,
        8,
        9
      ],
      "token_id_reachability": [
        1.0,
        1.0,
        1.0,
        1.0,
        1.0,
        1.0,
        1.0,
        1.0,
        1.0,
        1.0
      ],
      "token_id_key_change_rate": [
        0.0,
        0.0,
        0.0,
        0.0,
        0.0,
        0.0,
        0.0,
        0.0,
        0.0,
        0.0
      ],
      "frozen_proj_reachability": [
        1.0,
        0.18000000715255737,
        0.11999999731779099,
        0.05999999865889549,
        0.019999999552965164,
        0.019999999552965164,
        0.03999999910593033,
        0.019999999552965164,
        0.0,
        0.0
      ],
      "frozen_proj_key_change_rate": [
        0.0,
        0.82,
        0.88,
        0.94,
        0.98,
        0.98,
        0.96,
        0.98,
        1.0,
        1.0
      ],
      "frozen_proj_hamming": [
        0.0,
        26.6,
        28.08,
        30.04,
        32.12,
        31.34,
        31.62,
        31.6,
        32.22,
        32.84
      ],
      "trainable_proj_reachability": [
        0.8600000143051147,
        0.14000000059604645,
        0.05999999865889549,
        0.019999999552965164,
        0.05999999865889549,
        0.03999999910593033,
        0.019999999552965164,
        0.0,
        0.0,
        0.019999999552965164
      ],
      "trainable_proj_key_change_rate": [
        0.14,
        0.86,
        0.94,
        0.98,
        0.96,
        0.96,
        1.0,
        1.0,
        1.0,
        1.0
      ],
      "trainable_proj_hamming": [
        4.54,
        27.7,
        30.42,
        31.68,
        30.9,
        31.0,
        32.06,
        32.68,
        31.6,
        31.3
      ]
    }
  ],
  "summary": {
    "token_id": {
      "reachability": {
        "mean": [
          1.0,
          1.0,
          1.0,
          1.0,
          1.0,
          1.0,
          1.0,
          1.0,
          1.0,
          1.0
        ],
        "ci95_low": [
          1.0,
          1.0,
          1.0,
          1.0,
          1.0,
          1.0,
          1.0,
          1.0,
          1.0,
          1.0
        ],
        "ci95_high": [
          1.0,
          1.0,
          1.0,
          1.0,
          1.0,
          1.0,
          1.0,
          1.0,
          1.0,
          1.0
        ]
      }
    },
    "frozen_proj": {
      "reachability": {
        "mean": [
          1.0,
          0.18000000715255737,
          0.11999999731779099,
          0.05999999865889549,
          0.019999999552965164,
          0.019999999552965164,
          0.03999999910593033,
          0.019999999552965164,
          0.0,
          0.0
        ],
        "ci95_low": [
          1.0,
          0.18000000715255737,
          0.11999999731779099,
          0.05999999865889549,
          0.019999999552965164,
          0.019999999552965164,
          0.03999999910593033,
          0.019999999552965164,
          0.0,
          0.0
        ],
        "ci95_high": [
          1.0,
          0.18000000715255737,
          0.11999999731779099,
          0.05999999865889549,
          0.019999999552965164,
          0.019999999552965164,
          0.03999999910593033,
          0.019999999552965164,
          0.0,
          0.0
        ]
      }
    },
    "trainable_proj": {
      "reachability": {
        "mean": [
          0.8600000143051147,
          0.14000000059604645,
          0.05999999865889549,
          0.019999999552965164,
          0.05999999865889549,
          0.03999999910593033,
          0.019999999552965164,
          0.0,
          0.0,
          0.019999999552965164
        ],
        "ci95_low": [
          0.8600000143051147,
          0.14000000059604645,
          0.05999999865889549,
          0.019999999552965164,
          0.05999999865889549,
          0.03999999910593033,
          0.019999999552965164,
          0.0,
          0.0,
          0.019999999552965164
        ],
        "ci95_high": [
          0.8600000143051147,
          0.14000000059604645,
          0.05999999865889549,
          0.019999999552965164,
          0.05999999865889549,
          0.03999999910593033,
          0.019999999552965164,
          0.0,
          0.0,
          0.019999999552965164
        ]
      }
    }
  }
}